,Curr.1,Curr.2,Curr.3,Curr.4
Curr.1,1.00,3.10,0.0023,0.35
Curr.2,0.21,1.00,0.00353,8.13
Curr.3,200,180.559,1.00,10.339
Curr.4,2.11,0.089,0.06111,1.00